{"cameraMode":{"drawMode":0,"name":"Shaded","section":"Shading Mode"},"sceneLighting":false,"audioPlay":false,"sceneViewState":{"showFog":false,"showMaterialUpdate":false,"showSkybox":false,"showFlares":false,"showImageEffects":false,"showParticleSystems":false},"in2DMode":false,"pivot":{"x":1.9245282411575318,"y":0.22179356217384339,"z":-0.8028467893600464},"rotation":{"x":-0.017688943073153497,"y":0.01380696427077055,"z":0.00021206044766586274,"w":0.9997684955596924},"size":1.0097665786743165,"orthographic":false}